data_key,mode,area,time
pilot,segment,0.299003928899765,9.984439849853516
synth_test,segment,0.38407468795776367,2.392928123474121
synth_train,segment,3.153977394104004,18.97956371307373
synth_valid,segment,0.34779050946235657,1.3846831321716309
pilot,SAM,0.299003928899765,6.942662954330444
synth_test,SAM,0.38407468795776367,2.0993812084198
synth_train,SAM,3.153977394104004,18.687129735946655
synth_valid,SAM,0.34779050946235657,1.4351966381072998
